{
  "train_loss": [
    0.6441251981258392,
    0.5489843088388443,
    0.6725833308696747,
    0.57581995844841,
    0.08205970340874046,
    0.8449001657962799,
    0.502700070142746,
    0.6881585605442524,
    0.6416466283798218,
    0.5981273984909058,
    0.7038885223865509
  ],
  "val_loss": [
    0.854819655418396,
    0.8014780282974243,
    0.6518622040748596,
    0.676367461681366,
    2.086381196975708,
    0.6526345014572144,
    0.7317885756492615,
    0.6557682156562805,
    0.6526800990104675,
    0.6635159850120544,
    0.6621564030647278
  ],
  "val_acc": [
    35.714285714285715,
    64.28571428571429,
    64.28571428571429,
    64.28571428571429,
    64.28571428571429,
    64.28571428571429,
    64.28571428571429,
    64.28571428571429,
    64.28571428571429,
    64.28571428571429,
    64.28571428571429
  ]
}